{"counter":6,"movies":[{"id":0,"title":"Spaceballs","year":"1987","rating":"PG","director":"Mel Brooks","actors":"Mel Brooks, John Candy, Rick Moranis, Bill Pullman","plot":"Planet Spaceball's President Skroob sends Lord Dark Helmet to steal Planet Druidia's abundant supply of air to replenish their own, and only Lone Starr can stop them.","poster":"http://ia.media-imdb.com/images/M/MV5BMTM3Mzg0Mzc2NF5BMl5BanBnXkFtZTcwNDEwNTk0NA@@._V1_SX300.jpg","showtimes":["3:00","5:30","8:45"]},{"id":1,"title":"The Green Mile","year":"1999","rating":"R","director":"Frank Darabont","actors":"Tom Hanks, David Morse, Michael Clarke Duncan, Bonnie Hunt","plot":"The lives of guards on Death Row are affected by one of their charges: a black man accused of child murder and rape, yet who has a mysterious gift.","poster":"https://images-na.ssl-images-amazon.com/images/M/MV5BMTUxMzQyNjA5MF5BMl5BanBnXkFtZTYwOTU2NTY3._V1_SX300.jpg","showtimes":["3:00","5:30","8:45"]},{"id":2,"title":"The Princess Bride","year":"1987","rating":"PG","director":"Rob Reiner","actors":"Cary Elwes, Mandy Patinkin, Chris Sarandon, Christopher Guest","plot":"While home sick in bed, a young boy's grandfather reads him a story called The Princess Bride.","poster":"https://images-na.ssl-images-amazon.com/images/M/MV5BMGM4M2Q5N2MtNThkZS00NTc1LTk1NTItNWEyZjJjNDRmNDk5XkEyXkFqcGdeQXVyMjA0MDQ0Mjc@._V1_SX300.jpg","showtimes":["3:00","5:30","8:45"]},{"id":"3","title":"Top Gun","year":"1986","rating":"PG","director":"Tony Scott","actors":"Tom Cruise, Kelly McGillis, Val Kilmer, Anthony Edwards","plot":"As students at the United States Navy's elite fighter weapons school compete to be best in the class, one daring young pilot learns a few things from a civilian instructor that are not taught in the classroom.","poster":"https://images-na.ssl-images-amazon.com/images/M/MV5BZjQxYTA3ODItNzgxMy00N2Y2LWJlZGMtMTRlM2JkZjI1ZDhhXkEyXkFqcGdeQXVyNDk3NzU2MTQ@._V1_SX300.jpg","showtimes":["3:00"," 5:30"," 8:45"]},{"id":4,"title":"Animal Farm","year":"1954","rating":"UNRATED","director":"Joy Batchelor, John Halas","actors":"Gordon Heath, Maurice Denham","plot":"A successful farmyard revolution by the resident animals vs. the farmer goes horribly wrong as the victors create a new tyranny among themselves.","poster":"https://images-na.ssl-images-amazon.com/images/M/MV5BMTI3NzI2OTA2OF5BMl5BanBnXkFtZTcwNjM0MDcyMQ@@._V1_SX300.jpg","showtimes":["3:00","5:30","8:45"]},{"id":5,"title":"Yojimbo","year":"1961","rating":"UNRATED","director":"Akira Kurosawa","actors":"Toshirô Mifune, Tatsuya Nakadai, Yôko Tsukasa, Isuzu Yamada","plot":"A crafty ronin comes to a town divided by two criminal gangs and decides to play them against each other to free the town.","poster":"https://images-na.ssl-images-amazon.com/images/M/MV5BMjAwNTQ3ODUyMl5BMl5BanBnXkFtZTgwNDg5ODQyNjE@._V1_SX300.jpg","showtimes":["3:00","5:30","8:45"]}]}